{"stats":{"minecraft:crafted":{"tardis:artron_collector":1},"minecraft:used":{"tardis:artron_collector":1,"whovianlads:foodmachine_old":44,"whovianlads:ars_egg_old":2,"minecraft:spruce_planks":2,"minecraft:crafting_table":1,"minecraft:grass_block":17,"minecraft:polished_andesite":1},"minecraft:custom":{"minecraft:jump":15,"minecraft:time_since_rest":63649,"minecraft:crouch_one_cm":3093,"minecraft:play_one_minute":63649,"minecraft:leave_game":27,"minecraft:sprint_one_cm":135,"minecraft:time_since_death":63649,"minecraft:walk_on_water_one_cm":1425,"minecraft:walk_one_cm":32599,"minecraft:sneak_time":999,"minecraft:interact_with_crafting_table":2}},"DataVersion":2586}